E 74,C0 98,F8 40,FE AD,FF 90,FE 40
E 8C,C0 AC,F8 B8,FE CF,FF 85,FE 2D
E 74,C0 98,F8 B0,FE CE,FF 95,FE 48
E 50,C0 54,F7 6C,FE C4,FF 95,FE 51
E 78,C0 D0,F8 78,FE A2,FF 85,FE 36
E 78,C0 8C,F8 A4,FE B6,FF 8A,FE 2A
E 40,C0 48,F8 10,FE BC,FF 8D,FE 42
E D8,C0 4C,F8 FC,FE C3,FF A6,FE 41
E 98,C0 20,F8 9C,FE A6,FF 8A,FE 38
E BC,C0 FC,F8 BC,FE A1,FF 96,FE 47
E AC,C0 20,F7 2C,FE BD,FF 92,FE 33
E B0,C0 3C,F8 60,FE BA,FF A6,FE 47
E 6C,C0 80,F8 1C,FE B8,FF 9C,FE 49
E 4C,C0 7C,F8 74,FE D2,FF 85,FE 48
E 94,C0 80,F8 AC,FE D2,FF A3,FE 45
E 60,C0 84,F8 D4,FE A1,FF 8F,FE 44
E 90,C0 C8,F8 D8,FE C0,FF B6,FE 36
E 94,C0 6C,F8 98,FE C4,FF 85,FE 45
E 8C,C0 CC,F7 68,FE C0,FF 80,FE 3C
E B8,C0 64,F8 88,FE DC,FF B2,FE 2F
E CC,C0 94,F8 94,FE B6,FF 9D,FE 30
E B8,C0 6C,F8 9C,FE AB,FF 89,FE 39
E 90,C0 78,F8 70,FE B4,FF 92,FE 55
E 8C,C0 A0,F8 90,FE C7,FF 9E,FE 3D
E B4,C0 5C,F8 C,FE D7,FF 8D,FE 34
E 34,C0 40,F8 34,FE B8,FF 96,FE 39
E 90,C0 68,F8 34,FE B5,FF A5,FE 47
E 6C,C0 D4,F8 48,FE AC,FF 96,FE 3E
E 98,C0 70,F8 64,FE D9,FF 98,FE 4D
E 94,C0 80,F8 6C,FE AF,FF 96,FE 39
E 9C,C0 8C,F9 20,FE A9,FF 9B,FE 3F
E 5C,C0 74,F8 7C,FE B7,FF 86,FE 43
E 24,C0 28,F8 8,FE C2,FF 9B,FE 20
E 88,C0 1C,F8 FC,FE C8,FF 9D,FE 47
E 84,C0 54,F8 D0,FE BC,FF 99,FE 49
E 78,C0 30,F8 58,FE C4,FF 92,FE 4A
E 5C,C0 1C,F8 E0,FE B8,FF 9A,FE 49
E 8C,C0 5C,F8 98,FE B3,FF 9D,FE 4E
E 90,C0 70,F8 38,FE A9,FF A1,FE 44
E A0,C0 70,F8 C4,FE CA,FF A7,FE 49
E A8,C0 6C,F8 58,FE B0,FF 9B,FE 46
E 40,C0 44,F8 A4,FE AC,FF A6,FE 53
E 90,C0 74,F8 D0,FE B4,FF 8F,FE 1D
E B4,C0 2C,F8 88,FE CF,FF 92,FE 27
E 88,C0 78,F8 FC,FE BE,FF 8F,FE 5A
E 8,C0 40,F8 7C,FE C8,FF 89,FE 44
E 78,C0 98,F8 5C,FE A7,FF 7B,FE 4F
E 98,C0 6C,F8 B8,FE BC,FF 92,FE 3F
E 90,C0 74,F8 98,FE C3,FF 90,FE 3A
E 8C,C0 A4,F8 EC,FE B4,FF 97,FE 43
E 74,C0 48,F8 B8,FE A4,FF 86,FE 37
E 68,C0 50,F8 E0,FE C3,FF 97,FE 4B
E 90,C0 64,F8 E4,FE CF,FF 8F,FE 33
E 10,C0 44,F8 70,FE B8,FF 9F,FE 49
E 70,C0 8,F7 84,FE B0,FF 89,FE 4E
F 28,C0 78,F8 54,FE A2,FF 8C,FE 36
E 80,C0 48,F9 8,FE B2,FF 74,FE 3B
D F4,C0 BC,F7 30,FE A4,FF 1A,FE 2D
E B8,C0 4C,F8 A4,FE 86,FF 7F,FF EC
E 3C,C0 B8,FB 90,FE 94,FF AE,0 39
D 4,C0 60,FA B0,FF E,FF BC,0 24
10 0,C1 0,F3 CC,FE 52,FF 6F,FF F1
A F8,C0 F8,F7 CC,FE CD,FF BC,FF 12
D 8C,C0 14,F6 20,FE CD,FF 44,FF D7
A F0,C0 C8,F6 4,FE 97,FF 67,0 21
10 0,BF B8,0 6C,FE D1,FF 9A,FF B9
10 4,C0 A0,F5 C,FE C4,FF 70,0 1B
C 98,C0 B8,F3 20,FE 94,FF 4D,FF B8
13 40,C1 40,F9 C0,FE E4,FF 98,FF CD
7 34,BF 58,FC 98,FE 32,FF B4,FF C4
12 FC,C0 A4,FE 40,FE C9,FF 7F,FF ED
4 C,BF 28,EF 80,FE 51,FF 85,0 E3
9 68,BE 84,F8 E0,FE AE,FF 63,1 90
0 60,BE CC,F7 14,FE F4,FE 17,11 C9
F7 60,BB F0,FB A4,FF 9,FF 40,13 7
F6 DC,BA B8,F4 2C,FE AB,FF 21,16 31
F8 94,BB F4,F9 BC,FE F9,FF 1D,17 F5
F9 68,BA 94,F6 3C,FF 23,FF 7,19 C4
FA 94,BA 90,F6 48,FE C8,FE EC,1B 39
FB A4,BA B4,F8 BC,FE D0,FE D9,1C B7
FA C4,B9 AC,F8 9C,FE 5F,FE DA,1E 23
FC 70,BA 38,FA 44,FE 9C,FE D9,1F AC
F8 C8,B9 94,F8 44,FE 83,FE CD,20 15
F9 FC,B9 64,F9 38,FE A9,FE EC,22 8E
F6 B0,B8 88,F8 2C,FE 0,FE 4,24 24
F7 80,B8 94,F7 4,FE F3,FE BF,25 84
F3 30,B7 B4,F6 B0,FE E3,FE CE,27 2F
F3 B4,B6 F8,F7 40,FE F1,FE 9D,28 BF
F1 D8,B6 A0,F6 F0,FE 69,FE 8F,2B 22
F0 70,B5 D8,FA 18,FE 7A,FE A7,2C E5
ED DC,B5 B4,F7 FC,FE 89,FE 90,2E E3
EC 68,B4 E0,F9 AC,FE 92,FE 69,30 A5
ED 38,B4 88,F9 FC,FF 9,FE 9A,32 9D
E9 F8,B3 24,F7 88,FE E9,FE 88,34 43
E9 28,B3 84,F9 4,FE EB,FE 63,35 20
E5 74,B2 28,F7 B0,FE E8,FE 89,38 36
E5 74,B2 9C,F6 F8,FE 84,FE 60,39 E0
E4 10,B1 EC,F7 C4,FE 9B,FE 82,3B E6
E2 30,B1 EC,F7 3C,FE 9D,FE 32,3D 9E
E1 E0,B1 90,F8 90,FE 7D,FE 1B,3F 84
E0 50,B0 44,F9 CC,FF 1D,FE 15,41 49
E0 D8,B1 38,F8 9C,FE FC,FE 1C,43 25
DF 60,B0 C4,F9 C,FF 17,FE 2A,45 58
DD F4,B0 E0,F7 A8,FE DF,FE 37,46 F
DA EC,B0 F0,F8 44,FE 8D,FE 8,48 AE
DA CC,B0 9C,F9 68,FE 83,FD F,4A 58
D6 C0,B1 18,F6 E8,FE 77,FE 6,4B FF
D7 30,B1 98,F8 D8,FE B3,FD E1,4D 5F
D5 CC,B1 CC,F7 B4,FE F1,FD EC,4E F9
D5 68,B2 90,F7 60,FE FC,FD BC,50 33
D4 64,B2 0,F8 40,FF F6,FD C8,51 82
D3 A8,B3 9C,F7 B4,FE AF,FD BF,52 D1
D3 20,B4 9C,F8 68,FE AC,FD C4,53 F1
D2 58,B4 4C,FA C8,FE A7,FD F1,54 FF
D2 7C,B6 5C,F7 F4,FE 74,FD D2,55 EB
D1 8C,B7 CC,F8 F8,FE ED,FD C0,56 F1
D0 24,B8 EC,F9 2C,FF 1F,FD D5,59 FC
CF E8,CC 58,F8 50,FF 21,FD D9,58 AE
CF 5C,CE D0,F4 B8,FF 2F,FD 9F,58 50
CD 5C,CF 40,FB 84,FF 60,FE 18,58 C
CE C4,D3 B0,F3 EC,FF 1E,FD A3,57 9E
CC 24,D6 80,F5 8,FE 16,FD 79,57 3F
CD C4,D8 A0,FC E8,FE B1,FD BB,56 D9
CD 20,DC 88,F4 F8,FE 46,FD 8A,56 60
CC 18,DE 48,FA 98,FE 27,FD 6A,55 1
CB C0,E0 E8,FF 8C,FF 54,FD FF,55 4
CC C0,E3 38,F6 A4,FE E2,FD CC,55 7F
CC 70,E6 20,FD C8,FF 1F,FD FC,55 6F
CB 18,E9 AC,FB 28,FF D4,FE 2E,55 13
CD EC,EB E0,F1 58,FE B7,FD E3,54 7E
CB 48,ED FC,FB 54,FE C0,FD E6,54 49
CC A0,0 C4,F8 1C,FE D1,FD D8,51 DB
D0 10,2 10,FC 70,FF 30,FD F,51 C7
D3 58,4 50,F7 30,FE E3,FD F7,51 55
D4 9C,7 64,F7 94,FE 81,FD ED,51 FA
D3 10,8 1C,FB F0,FE B1,FD D3,50 C8
D5 BC,A 68,F8 8,FE C0,FD E9,50 7B
D6 C4,C BC,F9 3C,FE 75,FD E0,50 3E
D6 8C,D 84,FC 64,FE DD,FD F3,50 35
D9 7C,F B8,FA 5C,FE EF,FE 6,4F DD
DB E0,11 30,FB C4,FE D0,FD ED,4F 85
DB 70,13 30,FD B0,FF 3D,FD E9,4F 5E
DD 38,15 E4,F7 20,FF 20,FD 1,4F 1C
DD 90,16 EC,F7 68,FE B7,FD E1,4E E0
E0 54,19 4,FC DC,FF 26,FE F0,4E C7
E2 20,1A 70,F7 84,FE C3,FD EE,4E 59
E4 34,1C 38,FB 74,FE 74,FD F9,4E 3B
E6 58,1D 4,FB F8,FE D1,FD 3,4E EC
E8 8C,1E CC,F8 C0,FE 66,FD FE,4D BF
E8 0,1F 0,FC EC,FE B7,FD E8,4D B5
EA B4,20 78,FA 98,FF 10,FD 9,4D 65
EC 58,21 7C,F9 9C,FE BB,FE 10,4D 3C
EE 88,22 20,FD 50,FF 49,FD 0,4D 34
F0 DC,23 DC,F8 20,FF 46,FE 26,4C EF
F2 40,24 B4,F7 FC,FE CE,FE 1,4C C4
F3 AC,25 B4,FA 88,FE EF,FE 10,4C AD
F6 FC,26 8C,F6 C8,FE 7D,FE 10,4C 70
F9 1C,27 30,FA A0,FE 52,FD D8,4C 46
FA 7C,27 4C,FB AC,FE 93,FE 10,4C 30
FD 28,27 80,F9 F4,FE 86,FE 6,4C 15
FE 3C,28 70,FD 50,FE 8,FE B,4B E5
0 B4,28 44,FA 84,FF 17,FE 7,4B C7
2 30,28 C0,FA 98,FF 2C,FE 2C,4B B3
5 8,29 20,FA 10,FF 45,FE 1E,4B B6
7 98,29 A4,F8 88,FE F0,FE 15,4B 6B
9 C8,2A D0,F9 EC,FE C4,FE 1B,4B 4A
B 88,29 D0,F8 D4,FE 8D,FE 5,4B 39
C B4,29 5C,F9 84,FE 6E,FE 6,4B 13
E C4,29 40,FA E8,FE 78,FE 8,4B 18
10 38,28 EC,FB A8,FE 90,FD 0,4B 11
12 C0,28 98,FC 48,FE E1,FE B,4A ED
14 20,28 1C,FB 18,FF 0,FE B,4A E4
16 A8,27 CC,FA A8,FF 23,FE 2B,4A D2
18 D4,27 58,FA 58,FF 4D,FE 22,4A C7
1A 14,27 E4,F8 A4,FF 9,FE 40,4A C1
2A 0,1F 58,FA 0,FF 29,FE 2A,4A 6C
2C 9C,1E 3C,F9 5C,FF 21,FE 1D,4A 5E
2E 98,1D 44,F8 C,FE C9,FE 11,4A 41
2F 8,1B E8,F8 1C,FE 81,FE 14,4A 41
30 B0,1A 78,F9 CC,FE 5C,FE 18,4A 46
32 68,19 30,FA 10,FE 70,FE 28,4A 41
33 78,18 C,FB E4,FE 92,FE 22,4A 4D
34 E8,16 50,FA 14,FE E2,FE 28,4A 63
36 6C,15 20,FB D8,FF A,FE 1A,4A 64
37 94,13 58,FA 14,FF 30,FE E,4A 57
39 28,11 CC,F9 20,FF 6,FE 1A,4A 51
3A D8,10 60,F9 20,FE D8,FE 28,4A 42
3B 84,E 10,F8 EC,FE 6B,FE F9,4A 4D
3C F0,C 90,F9 54,FE 64,FE 8,4A 68
3E 8C,B DC,F9 5C,FE 87,FE 3,4A 78
44 DC,FC 7C,F9 90,FE 99,FE 21,4A 83
45 30,FA 54,F8 80,FE 7,F2 1,4B 9F
FA 68,ED 60,87 0,D BE,5 D8,4C CC
43 F0,EF B8,DD 5C,F4 5E,FB FF,4C 78
43 94,F7 24,7F FF,5 EE,FF A8,4F F6
36 B4,E5 C4,D9 C,3 EC,1 76,4E 70
63 E8,F5 C,92 F8,F6 35,FC 2A,4E 11
27 34,E9 E8,2B E8,FE 40,FE 17,51 FB
36 94,DE D8,F8 DC,FA D,FD 3F,52 D7
4E 54,ED 98,0 6C,F9 90,FC D6,53 4E
3D CC,DB A0,11 B0,FF FF,FE 31,57 70
37 C4,DB 6C,DE D0,1 38,FD EE,57 D8
46 38,DE 3C,ED 10,0 4D,FD 8C,58 B9
36 B4,CE 8C,11 C,FF E2,FE 7D,5A E1
38 80,CF CC,EB E4,FE 58,FD 47,5B 40
46 38,D0 F0,F5 68,FB 83,FD 50,5C 39
31 F0,C5 A0,B 48,FC C9,FE 11,5E 7F
45 68,C9 E0,EA 18,FD 84,FC BD,5E 21
3D 18,C4 A8,F1 50,FB BF,FD 51,60 56
32 C0,BE 68,11 A4,0 C6,FE 6E,62 6
41 EC,C1 CC,E5 40,0 D0,FD 97,62 20
39 9C,B9 B8,FB C,FE 83,FD A4,63 C0
36 BC,B7 D4,2 B4,1 46,FE 32,64 88
3D 74,B7 C,E1 D0,FD C4,FC 7D,64 B9
35 9C,B0 48,6 C,FC 7A,FD 6F,66 4E
36 E8,AF B0,3 C4,0 7F,FD 45,66 B8
34 A8,AD C8,DE 48,FC 94,FC 3F,67 38
34 E0,A9 C,14 8,FF A2,FD C0,68 2E
35 74,A7 80,FA 6C,2 BF,FE 3B,68 22
35 20,A5 B8,F6 A8,FE BD,FD 77,68 23
36 54,A2 B8,4 E8,1 72,FE D,67 CF
31 C0,A4 D4,D8 5C,FD AB,FD 3A,67 15
32 94,A1 74,FD 3C,FB E7,FD 17,66 98
2F 3C,9F A0,7 18,FE 82,FD C1,66 D6
2B B0,A0 F0,E9 FC,FC 69,FC EA,66 32
2D 4,9E 24,4 24,FE 95,FD 57,66 76
24 54,9C AC,FA B4,1 2B,FE F0,66 5C
26 14,9C B0,EE AC,FF 3F,FD 60,65 BD
22 D4,9B 7C,1 78,0 4C,FD D2,65 AE
1D B4,9A A0,F0 64,FF 5E,FD E0,65 58
1D 34,9B 44,EF 6C,FD 2D,FD 42,64 7E
1B E0,9A 4C,F9 78,FD 5D,FD 43,64 6C
15 E8,98 A0,FA 5C,FD 2E,FD 53,64 14
16 5C,9A BC,3 94,FE BC,FD 80,61 83
FD B4,9E 80,EE 90,FE 26,FD 41,61 5
F9 34,9E 60,FE 90,FE F2,FD 78,60 3
F7 4,9F 14,0 C4,1 5,FD E9,60 D0
F6 7C,A1 58,EC 98,FF 2A,FD 96,60 1D
F4 94,A2 30,FB 34,FE D,FD D8,5F C9
F0 24,A2 7C,F5 F8,FF FF,FD D3,5F 5D
EE 6C,A5 CC,EE B4,FD FB,FD 54,5E D2
EC 34,A6 88,FD 7C,FD B1,FD 74,5E 99
E8 24,A7 28,F8 C0,FE 36,FD 96,5E 3D
E8 B4,AA D4,F7 D4,FE 86,FD 79,5D FA
E5 E8,AB AC,FC F8,FF C9,FD AD,5D D3
E2 28,AC 2C,F8 D4,FF EA,FD AE,5D 91
E1 F0,AF B8,F6 38,FF 97,FD D5,5D D
E1 18,B1 78,F6 D8,FE CA,FD F1,5A 70
D3 C4,C3 C,F2 50,FF 47,FD A8,59 D2
D3 20,C5 50,F7 3C,FE 1F,FD B0,59 60
D0 F0,C7 88,FB 94,FE 8B,FD A9,59 19
D2 8,CA D0,F3 30,FD 5D,FD 8A,58 59
D0 C4,CD 70,FE 34,FD F9,FD BC,58 4D
CE 64,CF D0,FB 8C,FF 43,FD C2,58 16
CE 60,D2 DC,F5 B4,FE DA,FD B9,57 C1
CC D0,D4 0,FD 4C,FF ED,FE 6,57 95
CC FC,D7 90,F6 78,FF CB,FD DB,57 36
CC C4,DA 44,F4 98,FE B1,FD C6,56 A8
CD F0,DC 7C,FA A0,FE A5,FD BF,56 3B
CB 20,DE DC,F5 0,FD D7,FD 94,55 F6
CC D8,E2 4,F9 D8,FD CA,FD 91,55 92
CB 30,E3 D4,FC E8,FE 76,FD BE,55 5D
CB 10,E7 1C,FB 50,FE 2,FD DC,55 F7
CC 14,EA 14,FB 9C,FF DD,FD F2,54 BE
CC EC,EC DC,F8 E4,FF 96,FE 11,54 6A
CB 0,EF 2C,F9 28,FF 82,FD F4,54 D
CC CC,F1 FC,F6 8,FE BB,FD CF,53 A4
CC B0,F3 F8,F7 0,FE 10,FD BF,53 51
CD 34,F6 9C,F9 70,FE 25,FD C7,52 F2
CE EC,F8 C8,F7 E8,FD ED,FD C1,52 A6
CE AC,FA A4,FC C4,FE 7E,FD CC,52 81
CE 2C,FC D8,FB F4,FF 29,FD DF,52 4A
D0 88,FE AC,FA 58,FF 40,FD F3,51 ED
D0 74,1 5C,FC E4,FF B2,FE 1A,51 D8
D2 4,3 70,F6 48,FF 4B,FE 19,51 78
D4 48,5 EC,F8 28,FE BE,FD E9,50 1
D4 6C,8 68,FA 9C,FE BC,FD DF,50 86
D6 70,A 78,F6 4,FE 9,FD BF,50 4B
D6 24,C D4,FC 18,FE 87,FD EC,50 2B
D7 A8,E C4,F8 B0,FE A4,FD D3,50 19
D9 8,F 20,FB EC,FE B8,FD DF,4F DA
DA BC,11 F4,FD BC,FF 6D,FD E3,4F B7
D6 90,12 D0,F7 74,FE 73,FE 0,50 39
D6 48,13 F8,FB 80,FE A5,FC 5D,50 43
DD D4,15 98,F9 44,FF A9,FE 2A,51 24
DD A0,19 38,EE 90,FE 1E,FD FE,50 C5
D9 64,13 80,1 40,FD 45,FD CB,52 8E
D7 3C,1A D8,FE E8,0 9A,FE 2D,53 11
E0 38,16 A4,E3 6C,FC AF,FD AC,53 92
DA 5C,19 F4,11 C4,FE FE,FD B2,55 B8
D4 60,17 F8,F1 28,0 DD,FE 28,56 6F
EB E0,1C BC,FB D0,FC A2,FD A3,5E C3
F6 E4,19 20,6 7C,FF 57,FD 83,60 E
F7 8C,19 74,EE 10,FD 60,FD 44,60 90
2 64,1A B8,6 C0,FE E3,FD B6,61 B6
FE 24,17 B4,FD 58,0 7E,FD A3,62 C8
6 14,19 48,F4 18,FF 1D,FD 7C,63 61
8 68,18 A0,FF 60,0 A,FD E2,64 A3
9 24,15 3C,F6 E4,FF 6B,FD A7,65 66
D 60,16 A4,F4 80,FE 53,FD A4,66 37
14 48,16 4,F9 90,FE 65,FD B5,66 7A
17 50,14 1C,F6 E4,FD D6,FD 68,66 A0
21 48,14 D8,FB 58,FE A9,FD AC,66 FD
22 50,16 D0,F2 8C,FE 90,FD CD,66 23
1F FC,11 7C,FD 78,FF 11,FC F4,65 F6
29 34,13 D0,FE 78,0 13,FE F7,63 1
32 E8,6 34,4 BC,0 47,FE 28,64 51
3A 50,6 74,ED E0,FE 5D,FD 98,63 75
3C 90,4 38,1 54,FD CF,FD 42,63 7E
3A A0,0 80,4 7C,FF 3,FD E2,63 8A
40 AC,1 50,EB 98,FE 2,FD 59,63 2B
40 50,FD 8C,FC 18,FE BE,FD 7C,63 9
40 F4,FA E0,FD 4,FF 8A,FD CA,63 1C
42 1C,F9 94,F8 14,FE AE,FD B7,62 99
48 74,F6 B0,F9 50,FE E0,FD AB,62 A4
40 38,F3 88,F4 EC,FE 9B,FD 93,62 D0
48 58,F2 68,FB 14,FE DB,FD BE,62 25
48 68,F0 34,F3 14,FE E5,FD 9C,62 21
45 18,ED 60,FF D4,FE 62,FD 88,62 E
4A DC,EA D0,FE B4,FF 6D,FD FB,61 CB
49 38,E9 D0,F7 C8,FD D1,FD 51,61 BA
49 AC,E5 B4,5 F4,0 61,FD 1,61 DB
4C 60,E2 44,EC D8,FF E6,FD 8A,61 E
4A 50,DF D8,FA DC,FD CE,FD 6E,61 48
49 AC,DD 84,2 64,0 18,FE FC,61 4E
4D 58,DB A4,E9 7C,FD A5,FD 68,60 B7
4A 7C,D8 98,0 C0,FD FE,FD 9F,60 FA
49 78,D5 8C,FE 70,FF D1,FD E2,60 C4
4C 64,D4 20,EC 8,FD 8B,FD 87,60 50
49 44,D1 BC,5 88,FE F,FD A5,60 BE
46 80,CE B8,F8 88,FF CF,FE FE,60 7A
4B C8,CC 90,EF 78,FD CB,FD 45,60 3
46 40,C9 58,3 2C,FF 4A,FD BC,60 56
46 C0,C6 74,F3 EC,FF F2,FD C8,5F DD
49 E4,C5 9C,F1 24,FD AF,FD 5F,5F A6
43 D0,C1 84,FC CC,FF 40,FD D5,5F AE
45 80,BF AC,F2 54,FE 3A,FD 99,5F 5A
43 54,BE 58,FB 80,FE B8,FD B9,5F 41
40 B0,BB 30,FA B8,FF 24,FD BE,5F 35
41 50,B9 B0,F4 1C,FE B3,FD 8B,5E F8
3E 98,B7 88,F9 B8,FE C9,FD 92,5E F2
3B 28,B4 FC,FA 80,FE CA,FD B3,5E C7
3D C,B4 FC,F4 58,FE 5A,FD 94,5E 5F
3A 5C,B2 B0,F7 2C,FE 4B,FD A3,5E 47
36 6C,AF 68,FB 0,FE E2,FD B3,5E 33
37 4C,AE 38,F5 70,FE B1,FD 99,5D E0
33 20,AC 50,F8 90,FE 7F,FD B2,5D DB
31 48,AA CC,FB 94,FF 60,FD C6,5D A3
32 3C,AA D4,F2 B8,FE A4,FD A3,5D 51
2D 30,A1 58,F4 78,FE 44,FD BA,5B 92
19 9C,A0 F0,FB F0,FE E9,FD BD,5B 6A
17 58,A1 D8,F4 30,FE A0,FD AF,5B 7
15 8C,A0 A4,F6 78,FE 33,FD A0,5A C8
12 14,A0 74,FB 58,FE E4,FD B2,5A C8
10 64,A0 58,F5 58,FE A0,FD BF,5A 83
F E4,A0 68,F8 40,FE 9A,FD C1,5A 4F
A E8,A0 20,F9 C,FF 9,FD D4,5A 27
9 40,A0 80,F5 18,FE A9,FD BA,59 C8
6 18,A1 28,F7 20,FE A4,FD BB,59 95
2 C4,A1 5C,F8 8,FE AD,FD C1,59 58
2 30,A1 C8,F6 C0,FE 89,FD AF,59 9
FF A4,A2 E4,F8 40,FE A5,FD C7,58 BF
FD 30,A3 5C,F8 3C,FE B3,FD AF,58 6E
FA 64,A4 88,F9 A0,FE D4,FD C7,58 75
E7 F4,AC 94,F7 90,FE 92,FD ED,58 D9
DA 64,AB A8,F8 30,FF 23,FD 8F,59 A5
DF 34,AB E4,F6 5C,FF 20,FD BA,5A C4
D3 D0,AC 58,F4 1C,FE C4,FD 8D,5B 16
D2 EC,AA 70,0 4,FE CD,FD 79,5D CB
CF C4,AD EC,F9 7C,FE 64,FD 8B,5F 7D
D0 BC,AE 9C,F3 1C,FE 48,FD 25,61 46
CC 0,AD 68,F6 58,FE 4B,FD 62,63 65
C5 A4,AE 2C,F5 20,FE 9A,FD 45,65 AD
C5 20,AE A8,FA 4C,FE BE,FD 22,67 DE
C0 5C,AD A4,FB F0,FE DC,FD A1,6A 3E
C4 68,B0 7C,F8 10,FF 6A,FD 49,6B E9
C4 68,B0 FC,F5 C,FF F8,FD 7C,6D 79
C5 6C,B1 F0,F5 C8,FF 15,FD 69,6E C6
C7 D8,B6 C0,F3 E8,FF 14,FD 43,6F DF
CA 7C,B6 B8,F6 50,FE 91,FD FD,6F E6
D0 18,BB E4,FB E4,FE A5,FD 31,70 FB
CF EC,C0 D4,F8 9C,FE D3,FC ED,6F A6
D0 EC,C2 34,FC 38,FE 41,FD 21,6F 47
D4 84,C7 AC,FC 4,FF 31,FD 71,6E D5
CF C4,CB F4,F3 C0,FE E9,FD 55,6E 55
D0 64,CD 58,FA A4,FE C4,FD 82,6D CB
CF E8,D1 1C,FA 6C,FF 98,FD 9E,6D 6A
CF C0,D3 F4,F2 B0,FE B9,FD 32,6C B9
D0 6C,D6 78,FB CC,FE 6A,FD 4E,6C 3D
D0 44,DA C,F8 14,FF 42,FD 38,6B 94
D0 D8,DD A8,F2 40,FD 80,FD 1C,6B F3
D0 E4,DE DC,4 C,FE BA,FD 3E,6A CC
D1 80,E4 94,FA 6C,FE C3,FD 88,6A F0
D4 34,E9 2C,F8 BC,FE B,FD 55,69 BE
D0 E4,EA 6C,FD 70,FF D4,FD CE,69 49
D6 C8,F0 30,F1 28,FF F5,FD 5D,68 A8
D3 68,F2 98,FC A0,FE C,FD 62,68 6D
D8 18,F4 B4,FC 20,FF E,FD 8D,67 B7
D9 EC,F9 20,F0 D0,FD F0,FD 2F,67 35
D7 4,F9 F0,FC 98,FE 52,FD 61,66 E1
DA 68,FC 30,F9 C,FE 90,FD 77,66 6A
DA 8C,FF 94,F8 24,FE 42,FD 86,66 4E
DD 1C,0 70,0 50,FF 59,FD 94,65 E1
DF 20,3 68,F7 78,FF 6F,FD A7,65 83
E0 44,6 64,F8 4,FF 45,FD A9,65 FB
E2 44,8 E4,FB 58,FF 51,FD 9E,64 A4
E4 C,B 58,F7 44,FE D8,FD 8F,64 37
F8 40,18 C,FA F0,FF 5,FD A8,61 43
FA 3C,18 78,F6 70,FE 8C,FD 98,60 D4
FD AC,19 FC,FA 38,FE 66,FD 70,60 A6
FF 6C,1A BC,FA DC,FE DE,FD 95,60 52
2 90,1B 84,F7 E0,FE B3,FD BD,60 11
3 40,1B F8,FC 1C,FE 4,FD BB,60 1A
7 7C,1C 88,F9 84,FF 40,FD CC,5F 9E
9 70,1C 80,F8 40,FE CD,FD A3,5F 60
C 88,1C 4,FC 58,FE EB,FD A1,5F 22
E 30,1C 4C,F9 54,FE 88,FD 8D,5E C5
10 A0,1C 30,FA FC,FE 79,FD 99,5E C0
13 54,1D B4,FB 78,FE F6,FD AD,5E 8B
16 24,1B E8,F8 3C,FE E3,FD B4,5E 4E
18 18,1C B4,FB C8,FF 5E,FD F0,5E 31
1A 3C,1B CC,F7 34,FF 51,FD CA,5D B
2C E0,14 74,F9 20,FF 8E,FD C6,5C B8
2F 30,13 48,F8 20,FF 4B,FD F7,5C A3
31 0,12 40,F9 64,FF 80,FD ED,5C 60
32 E0,10 50,F5 9C,FE A2,FD CD,5C 1F
34 9C,E AC,F8 20,FE FE,FD BD,5B F1
35 C0,D 18,F9 44,FE 8,FD AB,5B D1
37 1C,B 58,FA 14,FD E4,FD AC,5B C2
39 8C,9 CC,FD 78,FE 8B,FD B8,5B BE
3A 78,7 4,FB DC,FF 24,FD C0,5B A3
3B 20,6 B0,FA 4,FF 82,FD D4,5B A7
3D 8,4 24,FA F8,FF E2,FD E3,5B 90
40 48,2 64,F6 D8,FF 65,FD E4,5B 6E
41 6C,FF C8,F7 94,FE B9,FD E2,5B D
42 B8,FE 24,F8 3C,FE 49,FD E0,5A EC
43 34,FA B8,F8 F8,FD BE,FD B8,5A E1
43 AC,F8 E8,FB 24,FE 3D,FD C8,5A D9
45 3C,F7 14,FB F0,FE BE,FD BC,5A E4
45 A8,F4 98,FC 4,FF 50,FD D4,5A DD
46 74,F2 74,F9 DC,FF B9,FD F6,5A AD
47 64,F0 FC,F6 0,FF 72,FE FC,5A 82
47 E8,ED 3C,F7 C4,FF 12,FD E0,5A 77
48 C,EA F0,F6 60,FE 6C,FD AF,5A 45
49 A4,E8 B0,F7 44,FD E5,FD BC,5A 22
49 28,E6 68,FA 20,FD F0,FD BB,5A 16
49 30,E3 B4,F9 C0,FE 41,FD B2,59 1
49 E8,E1 64,FB 6C,FE EB,FD C6,5A 18
49 3C,DF 8,FA 78,FF 55,FD F4,5A 11
49 8C,DD 18,F9 8C,FF 73,FD FB,59 4
49 C4,DA F4,F9 4,FF 37,FD D7,59 C9
48 A0,D7 D4,F7 20,FE A3,FD CA,59 88
48 14,D4 C0,F7 C4,FE 2A,FD BF,59 A5
47 DC,D2 44,F8 20,FE 5,FD CB,59 60
47 4C,D0 14,F8 A8,FE 27,FD B4,59 4D
47 AC,CD C0,FA 80,FE C0,FD D1,59 45
45 BC,CB 84,F8 C0,FF 21,FD D9,59 54
45 5C,C9 1C,F9 28,FF 39,FD F8,59 46
43 FC,C6 D4,F8 BC,FF 47,FD E2,59 27
42 10,C5 54,F7 68,FE DA,FD E3,58 F9
42 4C,C3 0,F7 20,FE 6B,FD C9,58 D1
41 88,C1 10,F7 28,FE 2C,FD B2,58 9E
40 E4,BF 44,F8 84,FE 17,FD 9E,58 84
3E 7C,BC 8C,F9 A4,FE 6F,FD D7,58 85
3C DC,BB CC,F8 98,FE B8,FD E4,57 6B
2E 1C,AD 0,F8 C8,FE F4,FD E3,57 3F
2B 98,AB DC,F7 EC,FF 31,FD DF,57 59
29 3C,AA F0,F7 98,FF 20,FD DD,57 19
27 F0,A9 CC,F7 68,FE E8,FD E9,56 F6
26 5C,A8 BC,F6 60,FE 75,FD F8,56 A7
24 C,A8 B8,F7 0,FE 4A,FD B7,56 71
22 28,A7 64,F8 6C,FE 3F,FD BE,56 5A
1F 44,A6 9C,F8 A4,FE 61,FD CC,56 32
1D F0,A6 C0,F9 C8,FE C2,FD D1,56 B
1B 8C,A5 5C,F9 54,FF 3,FD D9,55 EC
19 4,A4 44,F8 98,FF 26,FD EA,55 CD
16 A4,A4 98,F6 64,FF E,FD F5,55 83
14 2C,A4 8,F7 0,FE BC,FD DA,55 50
11 50,A3 4,F6 58,FE 60,FD D2,55 15
F 44,A3 A8,F6 E8,FE A5,FD DD,53 8B
FE B0,A6 6C,F6 54,FE 64,FD C7,53 2B
FB CC,A6 C8,F7 EC,FE 47,FD C6,53 3
F8 80,A7 90,F8 44,FE 62,FD D3,52 CC
F6 D8,A8 8C,F8 98,FE A0,FD BF,52 9A
F5 C,A9 74,F9 7C,FE D7,FD D4,52 5C
F3 24,AA 74,F9 78,FF 26,FD ED,52 32
F2 18,AB A4,F8 44,FF FE,FD EF,52 4
F0 74,AC 74,F8 50,FE E4,FD F3,51 A0
ED 5C,AD 58,F8 90,FE AC,FD E1,51 5C
EA D4,AE 80,F7 E8,FE 69,FD DB,51 29
E8 C8,AF 40,F7 58,FE 71,FD E5,50 D9
E7 24,B1 70,F7 D4,FE 89,FD CD,50 9C
E5 38,B2 D8,F8 CC,FE D3,FD CC,50 5F
E3 68,B4 E4,F8 8C,FE F1,FD F0,50 4
E0 F4,B6 58,F8 20,FF 2,FE 5,4F D4
DF 94,B7 D0,F8 F4,FF F6,FD F6,4F 97
DE 58,B9 E4,F7 F8,FE 9B,FD D7,4F 41
DC E4,BB 40,F8 E0,FE 99,FD E4,4E F2
DB 8C,BC F8,F8 88,FE 78,FD E1,4E A8
DA E8,BE 84,F8 68,FE 8E,FD D8,4E 6E
D7 F8,C0 A8,F8 A0,FE C6,FE 4,4E 39
D6 64,C2 64,F8 80,FE F8,FD 5,4D E5
D5 48,C4 80,F7 C8,FE FD,FE FF,4D C0
D4 4C,C6 3C,F7 2C,FF F8,FD 2,4D 74
D3 A8,C8 88,F8 10,FE D3,FD E9,4D 28
D2 9C,CA 24,F8 98,FE 85,FE F2,4C BC
D1 48,CC 44,F8 74,FE 78,FD F0,4C 9D
D0 8C,CE B4,F9 94,FE 77,FD FB,4C 6C
CF 74,D1 18,F9 9C,FE C9,FE F4,4C 13
CE 70,D3 44,F9 18,FE F1,FD B,4B D8
CD C0,D5 B4,F9 D0,FF 19,FE C,4B 84
CD 24,D7 9C,F8 30,FF 3,FE C,4B 45
CC 40,D9 BC,F7 40,FE CA,FE 11,4B FF
CB 44,DB FC,F7 98,FE C6,FD FB,4A BD
CB 64,DD C0,F8 34,FE 55,FD FC,4A 6E
CB 40,DF E0,F9 0,FE 81,FD DA,4A 41
CB 10,E1 C,FA 10,FE 9B,FD FB,49 EF
CB 0,E3 E8,FA 5C,FE CD,FE FA,49 BB
CA 48,E6 90,FA 9C,FE EF,FE 8,49 83
C9 E0,E8 94,F9 CC,FE F6,FE 27,49 3F
C9 D8,EA B4,F8 94,FF 23,FE 2C,49 6
C9 B8,EC F0,F9 F8,FE E6,FE 19,48 B5
CA 8C,EF 54,F8 34,FE D7,FE 27,46 B5
CC EC,1 8,F9 E0,FE CE,FE 2A,46 73
CD FC,3 74,F8 98,FE B5,FE 10,46 2A
CE F0,5 E4,F9 58,FE B2,FE 1A,46 18
CE AC,7 C8,F8 F4,FE BF,FE 8,45 D9
CF D4,8 C4,FA C4,FE C9,FE 13,45 9F
D0 CC,A 70,FA 88,FE BE,FE 30,45 6C
D1 80,C 6C,FA B8,FE C9,FE 25,45 33
D2 7C,D 90,F9 8C,FE C0,FE 24,45 0
D3 54,F C0,FA FC,FE E4,FE 31,44 C2
D4 8,11 80,F9 94,FF 7,FE 45,44 A2
D4 B0,13 14,FA 14,FE EE,FE 25,44 6E
D6 4,14 D8,F9 50,FE DA,FE 1E,44 43
D7 FC,16 74,F9 4C,FE D3,FE 50,44 F
D8 D4,18 8,F8 F4,FE BD,FE 2A,43 EC
D9 84,22 24,F9 CC,FF FC,FE 49,42 C3
E4 34,23 74,F9 64,FE D6,FE 52,42 89
E5 C4,24 2C,F9 58,FE B5,FE 59,42 59
E6 E8,25 14,F9 30,FE AA,FE 2C,42 43
E8 6C,26 74,FA B8,FE 8C,FE 49,42 2B
E9 F8,26 D8,FA 90,FE 91,FE 43,42 A
EB 28,28 30,FA 4,FE C1,FE 31,41 E9
EC 18,28 A0,FA 10,FE D7,FE 53,41 B2
EE FC,29 98,FA 34,FE E2,FE 4A,41 BA
F0 A4,2A 58,FA 50,FF FF,FE 4F,41 9B
F2 50,2B 30,FA 4C,FE EE,FE 43,41 84
F3 90,2B A8,F9 8,FE DD,FE 54,41 71
F5 58,2C 90,F9 F8,FE C3,FE 6D,41 52
F7 88,2C D4,F9 4C,FE BB,FE 4A,41 2F
F8 14,2D 78,FA FC,FE B1,FE 3F,41 3
FB 38,2D E8,FA 6C,FE AE,FE 4B,40 FE
FD 14,2D D8,FA FC,FE CD,FE 41,41 1
FE 88,2E 60,FA 3C,FE D1,FE 2D,40 C5
FF 8,2E 9C,FA F4,FE ED,FE 4A,40 CE
1 EC,2F 14,FA D0,FE E1,FE 5D,40 BE
4 8C,2F F4,FA EC,FE E5,FE 2B,40 B6
5 AC,2F F8,FA EC,FE E7,FE 44,40 98
7 68,2E F8,F9 98,FE D8,FE 48,40 97
9 F0,2F 6C,F9 D0,FE DA,FE 4D,40 79
A B8,2F D8,F9 74,FE 9B,FE 3C,40 62
C 1C,2F 30,FA 18,FE B5,FE 44,40 79
D B4,2E 68,FA 98,FE BA,FE 6D,40 75
F 58,2E C4,FA 98,FE BC,FE 66,40 6C
11 50,2E 74,FB 5C,FE E5,FE 4D,40 4E
12 8,2E 20,FB C,FE E5,FE 46,40 46
15 A8,2D C,FA 1C,FE F3,FE 5C,40 34
17 54,2D 30,F9 B0,FE DA,FE 53,40 46
18 DC,2D 4C,F9 94,FE C8,FE 4F,40 4E
1A 90,2B 50,F9 44,FE B2,FE 51,40 39
1B F8,2B 50,F9 B4,FE AA,FE 5F,40 39
1D D4,2B 4C,FA 74,FE 78,FE 3E,40 45
1F 54,2A 84,FA 48,FE C3,FE 47,40 31
20 D0,2A C,FA 98,FE EC,FE 5C,40 33
22 78,28 8,FA 2C,FE EF,FE 49,40 57
23 D4,27 F8,FA B8,FE E2,FE 55,40 50
25 64,27 1C,F9 C0,FE EB,FE 4A,40 54
26 1C,26 8C,FA 18,FE E1,FE 5C,40 59
28 88,25 68,F9 B4,FE CD,FE 42,40 47
29 B0,24 4C,F9 94,FE B6,FE 55,40 9D
36 D0,1A B8,F9 B0,FE B5,FE 5C,40 A8
37 1C,18 98,F9 CC,FE 97,FE 49,40 CD
38 30,17 6C,F9 EC,FE A1,FE 44,40 DD
39 D4,15 98,FA D8,FE CF,FE 40,40 E3
39 20,14 94,FA 4,FE BC,FE 3E,40 F5
3B 10,12 9C,FA BC,FE C6,FE 55,40 DB
3C 0,11 64,FA 70,FE E5,FE 49,41 FC
3C C0,F AC,F9 80,FE DE,FE 47,41 14
3D DC,E 2C,FA 8,FE B1,FE 58,41 26
3E 8,D C8,F9 2C,FE A7,FE 3B,41 1C
3F 18,A F4,F9 80,FE CB,FE 3E,41 2A
40 24,9 F0,F9 3C,FE B2,FE 60,41 44
41 AC,7 88,F9 F0,FE D5,FE 52,41 56
41 D0,6 10,F8 D4,FE AF,FE 38,41 5D
45 FC,F8 3C,F9 24,FE D9,FE 4D,41 E5
45 C0,F6 C4,F8 B4,FE B4,FE 4E,42 FB
46 EC,F4 40,F9 F4,FE C2,FE 41,42 10
46 0,F2 20,F8 E0,FE C5,FE 4A,42 6
45 68,F0 A4,F9 94,FE B5,FE 51,42 C
46 14,EF C,F8 98,FE 91,FE 43,42 28
45 B4,ED 2C,F8 8,FE 96,FE 4A,42 53
45 D8,EB 3C,F9 54,FE BD,FE 1D,42 56
46 84,E9 70,F9 30,FE D1,FE 3A,42 74
45 E0,E7 7C,F9 C,FE DD,FE 46,42 66
45 E0,E5 B4,F9 50,FE E4,FE 4E,42 96
45 C0,E3 B8,F8 2C,FE C9,FE 40,42 79
44 F4,E2 98,F8 AC,FE BA,FE 44,42 9A
44 78,E0 5C,F8 2C,FE 98,FE 46,42 B8
44 54,DE 50,F8 AC,FE AA,FE 3B,42 B4
43 F8,DC 24,F8 A8,FE AF,FE 35,42 C6
43 74,DA 54,F9 C0,FE B4,FE 41,42 C9
42 A0,D9 CC,F8 8,FE CE,FE 3A,42 EB
42 E8,D6 D0,F9 74,FE C2,FE 47,42 E9
41 8C,D4 F4,F8 78,FE C6,FE 32,42 F7
41 6C,D3 D4,F8 40,FE C7,FE 2F,43 18
40 30,D1 D8,F8 88,FE 8F,FE 3F,43 10
3F 60,D0 10,F8 64,FE 9F,FE 49,43 18
3E 94,CE AC,F8 6C,FE 91,FE 59,43 D
3D E0,CC E4,F8 60,FE A2,FE 2E,43 20
3C C4,CB 6C,F8 D0,FE BA,FE 38,43 1A
3B 90,C9 94,F8 EC,FE CB,FE 3A,43 27
3A 9C,C8 98,F8 9C,FE DA,FE 3C,43 31
38 F8,C7 14,F8 30,FE CB,FE 39,43 5D
37 C0,C4 C4,F8 F0,FE CA,FE 45,43 40
36 1C,C3 94,F7 FC,FE A7,FE 3B,43 2D
35 90,C1 D4,F8 24,FE AB,FE 3B,43 28
34 40,C0 88,F7 94,FE 8E,FE 37,43 48
32 64,BF C,F8 60,FE A7,FE 36,43 45
31 E8,BE 4,F8 44,FE BB,FE 36,43 43
30 88,BD F0,F8 78,FE B9,FE 30,43 3D
2F 10,BC 38,F8 74,FE BB,FE 3F,43 45
2D 68,BA A4,F8 14,FE A2,FE 28,43 38
2C 24,B9 B4,F7 58,FE AD,FE 37,43 24
2B 18,B8 AC,F8 54,FE A3,FE 2C,43 22
28 0,B7 A4,F8 40,FE A7,FE 2A,43 15
27 A0,B6 B8,F8 20,FE BB,FE 2C,43 12
25 10,B5 D8,F8 40,FE B0,FE 36,43 10
16 F0,AF D0,F7 9C,FE DE,FE 3B,42 9A
15 DC,AF A0,F7 64,FE B5,FE 2F,42 80
14 BC,AF 78,F8 40,FE CF,FE 33,42 6B
12 14,AF 64,F7 AC,FE C5,FE 32,42 5C
F BC,AE 1C,F8 F0,FE C9,FE 2D,42 55
E D4,AE D0,F8 FC,FE A9,FE 30,42 37
C 64,AE D0,F8 50,FE A1,FE 2A,42 24
A 78,AE D8,F8 C4,FE AA,FE 31,42 11
8 B8,AF F8,F8 18,FE B7,FE 30,41 F8
7 18,AE C8,F8 44,FE B2,FE 38,41 BE
5 F4,AE B4,F7 34,FE BC,FE 35,41 B0
3 54,AE D0,F8 40,FE B9,FE 26,41 BA
1 B0,AE 34,F7 98,FE C4,FE 32,41 7A
0 4C,AF 98,F7 CC,FE 9F,FE 35,41 77
FE 4C,AF CC,F8 E8,FE B7,FE 30,40 7F
F0 CC,B4 F0,F8 5C,FE AC,FE 46,40 44
EF 84,B4 8,F8 50,FE A8,FE 2C,40 20
EE 28,B5 64,F7 E4,FE B1,FE 44,3F F7
EC 4,B6 64,F8 D0,FE AD,FE 3B,3F D0
EA 8,B7 34,F7 B4,FE C9,FE 41,3F B3
E8 B0,B7 B8,F8 B8,FE A8,FE 48,3F 83
E7 B8,B9 80,F8 88,FE AC,FE 2A,3F 5F
E6 3C,BA 44,F8 68,FE B1,FE 33,3F 39
E5 88,BA DC,F8 E8,FE B7,FE 35,3F D
E3 74,BC 54,F8 D4,FE A9,FE 55,3E D5
E1 60,BD 34,F8 3C,FE BB,FE 43,3E B9
E0 34,BE 78,F8 AC,FE BB,FE 3A,3E 67
DF 1C,C0 2C,F8 68,FE CC,FE 5D,3E 69
DD 88,C0 D4,F8 70,FE C3,FE 2E,3E 1F
DC 24,C2 A4,F8 60,FE C0,FE 3B,3E FF
DB 34,C4 8,F8 3C,FE A9,FE 40,3D CB
DA 50,C5 EC,F8 AC,FE A7,FE 50,3D 8C
D9 4,C6 A8,F8 C4,FE A7,FE 42,3D 6D
D7 EC,C8 8,F8 68,FE B6,FE 49,3D 37
D6 54,C9 38,F8 C8,FE C1,FE 45,3D 0
D5 6C,CA BC,F8 68,FE CF,FE 35,3C C3
D4 80,CC 78,F8 E4,FE BA,FE 44,3C 9C
D3 64,CD D8,F8 7C,FE AA,FE 4F,3C 84
D2 8C,CE F8,F8 C0,FE C2,FE 48,3C 47
D1 B4,D0 74,F9 14,FE AA,FE 46,3C 5
D1 8,D1 88,F8 88,FE CA,FE 60,3B D1
D0 20,D3 DC,F8 48,FE DF,FE 63,3B AF
CF 48,D5 54,F8 9C,FE D4,FE 4D,3B 7A
CE 6C,D7 40,F8 40,FE BD,FE 60,3B 20
CD A4,D8 40,F8 70,FE BB,FE 44,3B 11
CD 2C,DA F8,F9 50,FE BA,FE 4F,3A E2
CC 84,DC 58,F8 38,FE BC,FE 59,3A A6
CC C,DD B0,F8 C8,FE B3,FE 4E,3A 73
CB 4C,DF 8C,F9 30,FE B9,FE 67,3A 26
CA 30,E0 5C,F8 24,FE A9,FE 4D,3A F7
CA 54,E2 5C,F9 94,FE B6,FE 5F,39 DA
CA 18,E4 48,F9 40,FE BB,FE 5F,39 A5
CA C8,E5 2C,F9 2C,FE CD,FE 50,39 69
C9 A8,E7 A0,F9 28,FE C9,FE 65,39 48
C9 70,E9 78,F9 8C,FE BF,FE 5B,39 11
C9 8C,EB 34,F9 40,FE CF,FE 51,38 E8
C8 C4,EC 7C,F9 28,FE D9,FE 75,38 96
C8 90,ED D4,F9 F8,FE D4,FE 89,36 DD
C8 D4,FC A4,F9 18,FE D9,FE 6A,36 A2
C8 0,FE 28,F9 E4,FE C7,FE 73,36 65
C8 C4,FF FC,F9 44,FE BA,FE 76,36 41
C9 2C,1 6C,F9 AC,FE AA,FE 64,36 15
C9 78,2 F8,F9 E8,FE C1,FE 63,35 D8
C9 D0,4 F4,F9 24,FE AC,FE 6F,35 C0
CA A0,5 88,F9 D8,FE C9,FE 7E,35 7E
CA E4,7 40,F9 F0,FE E9,FE 70,35 60
CB 94,9 6C,FA 64,FE D4,FE 79,35 38
CB E0,A 30,F9 DC,FE C1,FE 87,34 EB
CC 18,B 70,F9 8C,FE CC,FE 75,34 CA
CC D8,C D8,F9 88,FE AD,FE 73,34 9E
CC E4,E 44,FA 4,FE 99,FE 73,34 7F
CD 9C,F E4,FA 78,FE A4,FE 7E,34 4A
D2 E4,1A 68,FA 80,FE B9,FE 73,32 F0
D3 B4,1B C4,F9 E8,FE C5,FE 71,32 BD
D4 98,1C 14,F9 EC,FE AC,FE 92,32 B6
D4 54,1D C4,FA 98,FE B3,FE 68,32 95
D6 34,1E 9C,FA 30,FE D6,FE 8A,32 5E
D6 14,1F C,FA 34,FE C6,FE 93,32 51
D8 80,21 0,FA 60,FE C6,FE 7C,32 28
D9 B0,22 28,FA 1C,FE D6,FE 8F,31 E9
D9 D8,23 34,F9 24,FE BE,FE 86,31 DA
DA C8,24 68,FA C8,FE B1,FE A3,31 A7
DC DC,25 50,FA 2C,FE BC,FE 7E,31 60
DC E0,25 BC,F9 F0,FE B9,FE 7A,31 71
DD 5C,26 C,FA 54,FE C4,FE 87,31 3B
DE 2C,28 0,FA C4,FE CF,FE 9A,31 34
DF 5C,28 C8,FA 80,FE C9,FE 96,30 FA
E1 5C,29 EC,FA D0,FE C3,FE 9D,30 E6
E2 7C,2A FC,FA 20,FE B0,FE 93,30 C2
E3 7C,2B DC,F9 90,FE DE,FE 79,30 A3
E4 F8,2C 98,FA B8,FE CA,FE 85,30 88
E5 BC,2C 20,FA 90,FE E5,FE 7C,30 68
E6 D0,2D E0,FA 54,FE CF,FE A7,30 71
E8 58,2E 88,FA 70,FE D4,FE A4,30 2E
E8 14,2F 78,FA A0,FE B3,FE 90,30 3A
EA 38,2F B8,FA 38,FE D7,FE 8D,30 20
EB A0,30 A4,FA BC,FE B0,FE AC,30 FF
EC EC,30 64,FA 7C,FE B8,FE A2,2F D5
ED B4,31 C8,FA F8,FE D0,FE 96,2F BC
EE E0,31 8,FB D8,FE D9,FE 99,2F 9D
F0 68,32 88,FA 64,FE C1,FE A5,2F A9
F1 94,33 28,FA 2C,FE EC,FE 86,2F 63
F3 50,33 AC,F9 68,FE D0,FE 9E,2F 62
F4 5C,34 C,FA 8C,FE BE,FE 95,2F 55
F5 B0,34 4C,FA 1C,FE AE,FE 9C,2F 34
F6 24,34 4,FA F4,FE AE,FE 9D,2F 35
F7 CC,34 F8,FA 84,FE A5,FE A9,2F 10
F9 1C,35 44,FA 88,FE D8,FE A3,2F 6
FA 68,35 7C,FA 40,FE CF,FE A0,2F 14
FB AC,35 A4,FA C,FE E2,FE A0,2E E2
FC 7C,35 10,FA 78,FE D8,FE 99,2E E4
FE C,36 98,F9 4,FE D9,FE B5,2E EB
FF 6C,36 B0,FA 10,FE CE,FE AF,2E EC
0 5C,36 64,FA B4,FE C1,FE 89,2E C6
1 C,36 84,FA 20,FE C7,FE A4,2E BA
D 20,36 50,FA D4,FE D9,FE AB,2E 80
E 50,35 24,FA E0,FE C1,FE B1,2E 94
F 64,35 DC,FA 48,FE C6,FE B0,2E 75
11 1C,36 C4,FA 44,FE C8,FE C2,2E 6F
12 0,35 80,FA 60,FE BA,FE A4,2E 81
13 14,35 80,FA AC,FE C9,FE B2,2E 81
14 60,34 BC,FA AC,FE C9,FE B5,2E 5B
15 E0,34 88,FA 4,FE CE,FE B0,2E 68
17 F4,34 60,FA E8,FE D3,FE 83,2E 60
18 98,33 E8,FA 8,FE D5,FE AB,2E 60
19 9C,33 C8,F9 AC,FE B4,FE 9A,2E 5C
1A 44,33 F0,F9 E0,FE C6,FE A0,2E 79
1B BC,32 C0,FA 78,FE B3,FE A8,2E 82
1D 64,32 28,FA 7C,FE B9,FE A7,2E 7A
1E 24,32 AC,FB 50,FE B7,FE B5,2E D1
27 18,2D DC,F9 FC,FE BB,FE A9,2E DA
27 8,2C 60,FA 0,FE 9E,FE B1,2E BB
29 18,2B 54,FA 10,FE B6,FE A7,2E EC
2A 40,2A 90,FA E0,FE C0,FE 9A,2E E3
2A 10,2A 0,FA B8,FE DA,FE 9F,2E FB
2C 54,29 70,F9 F0,FE C1,FE A4,2E F8
2D D4,28 38,FA 98,FE D8,FE AE,2F 12
2E 30,27 58,F9 C8,FE D6,FE A7,2F 13
2F 60,26 A8,FA BC,FE BE,FE A9,2F 34
30 4C,25 E0,F9 28,FE B5,FE 9A,2F 2F
31 20,24 D4,FA 24,FE A2,FE B1,2F 3A
32 70,23 DC,F9 C8,FE A9,FE A8,2F 61
33 20,22 20,FA 50,FE C1,FE 9F,2F 57
33 AC,22 34,F9 0,FE C6,FE A8,2F 8F
35 7C,20 70,F9 F4,FE CE,FE 9D,2F 85
35 E0,1F 8C,F9 E8,FE C5,FE 9D,2F A9
37 18,1E 50,F9 C8,FE D6,FE A5,2F 9A
37 9C,1D 68,F9 7C,FE BB,FE 9E,2F B6
38 30,1C 28,F9 F4,FE B1,FE 97,2F DE
38 F8,1B CC,F9 BC,FE A1,FE 9D,2F E8
39 0,1A 30,FA E8,FE C1,FE 9C,2F F1
3A 4C,19 10,FA 20,FE AB,FE B7,30 14
3B 14,17 3C,F8 68,FE CF,FE A6,30 1B
3B CC,16 B0,F9 FC,FE C6,FE 9F,30 52
3C 60,15 80,FA 0,FE D0,FE A3,30 41
3D 3C,14 7C,F9 D8,FE C0,FE 9D,30 6D
3D B4,13 8C,F9 18,FE C4,FE 8C,30 69
3E 20,11 E0,F9 2C,FE BE,FE 99,30 6F
3F 34,F B0,F9 90,FE A2,FE 94,30 9D
3F 88,E 9C,F9 C4,FE 99,FE 91,30 C3
3F 4,D 7C,F9 F8,FE C3,FE 93,30 D0
41 3C,C 28,F9 34,FE C6,FE 96,30 DA
41 8C,A CC,F9 EC,FE A2,FE A2,30 5
41 E0,9 C8,F9 6C,FE AD,FE BE,31 B
42 54,8 BC,FA 28,FE B6,FE B1,31 26
42 68,6 D0,F9 44,FE B1,FE A9,31 27
42 A8,5 7C,F9 78,FE BB,FE B6,31 48
43 E0,4 98,F9 C0,FE BD,FE A7,31 53
43 5C,3 24,F9 84,FE B9,FE 92,31 6F
43 C0,1 A8,F9 48,FE B1,FE 95,31 82
43 F4,0 F0,F9 3C,FE B5,FE BF,31 B8
44 0,FF A4,F8 BC,FE B2,FE 92,31 9D
44 70,FD 7C,F9 B8,FE C6,FE 9D,32 8C
44 F0,F1 8,F9 44,FE B3,FE 8C,32 92
44 C8,EF 34,F8 2C,FE B8,FE 93,32 AA
44 94,EE 20,F8 88,FE B7,FE 88,32 C7
44 60,EC 70,F8 18,FE AB,FE 88,32 C9
44 0,EB FC,F9 20,FE AE,FE 99,32 E4
44 30,EA 4,F9 38,FE C6,FE 85,32 DC
43 38,E8 2C,F9 40,FE A8,FE 92,32 FD
43 60,E7 EC,F9 DC,FE B7,FE 82,33 20
42 DC,E5 60,F9 3C,FE AA,FE A1,33 30
42 44,E4 EC,F8 E0,FE B8,FE 94,33 53
42 40,E2 D8,F8 D0,FE A0,FE 92,33 54
41 D0,E1 58,F9 8,FE AF,FE 95,33 56
41 D0,E0 50,F8 CC,FE B3,FE 8B,33 79
41 8,DE 94,F8 A0,FE C7,FE 9B,33 8D
40 DC,D4 60,F9 B4,FE B4,FE 91,34 FC
3C 30,D2 B8,F8 A8,FE B2,FE A1,34 2C
3B 0,D2 8,F8 A8,FE B0,FE 88,34 26
3A 68,D0 60,F8 44,FE A7,FE 8B,34 26
39 64,CF 14,F8 B8,FE 94,FE 8D,34 28
38 60,CE B0,F8 F0,FE BD,FE 94,34 45
37 A0,CC E4,F9 C,FE B4,FE 8C,34 40
36 A4,CB 98,F8 48,FE C3,FE 7B,34 5A
36 24,CA 88,F8 84,FE AE,FE 9C,34 5D
35 3C,C9 7C,F8 C0,FE AC,FE 7D,34 72
34 2C,C8 EC,F8 D8,FE C1,FE 97,34 80
32 4,C7 84,F8 FC,FE AB,FE 7D,34 79
32 4C,C6 80,F8 8C,FE BF,FE 99,34 9E
31 7C,C5 BC,F8 E0,FE BA,FE 99,34 79
2F D4,C4 D0,F8 B8,FE D0,FE 95,34 8A
2E B0,C3 38,F8 1C,FE B8,FE 85,34 9D
2D 6C,C2 30,F8 14,FE C7,FE 84,34 96
2C 8C,C1 80,F8 94,FE B5,FE 79,34 94
2B 50,C0 BC,F8 E0,FE B7,FE A0,34 A2
2A E0,C0 E0,F8 78,FE A4,FE 95,34 A1
29 3C,BE A4,F8 30,FE BF,FE 89,34 9A
27 8C,BE 44,F8 DC,FE AC,FE 89,34 96
26 30,BD B0,F8 C,FE B1,FE 8C,34 AA
25 C8,BC E8,F8 EC,FE A6,FE 85,34 95
23 8,BC 38,F8 F0,FE BA,FE 72,34 9E
23 50,BB A8,F7 60,FE CF,FE 73,34 A3
21 84,BA D4,F8 94,FE A2,FE 77,34 8A
20 48,BA 98,F8 5C,FE D3,FE 83,34 8B
1E E0,BA 80,F8 F8,FE A3,FE 7A,34 8A
1C 24,B9 D8,F7 18,FE AE,FE 8C,34 6B
1B D0,B8 6C,F8 78,FE BF,FE 84,34 6A
1A 28,B8 14,F8 24,FE B8,FE 72,34 7C
19 AC,B7 6C,F8 2C,FE BE,FE 65,34 65
17 D0,B7 14,F8 E4,FE BA,FE 80,34 6F
16 18,B6 0,F8 98,FE BB,FE 75,34 48
14 D4,B6 8C,F8 88,FE B0,FE 70,34 44
13 E8,B6 10,F7 B8,FE AA,FE 79,34 37
12 48,B5 DC,F7 AC,FE A9,FE 69,34 2A
10 8,B5 DC,F8 3C,FE BD,FE 6E,34 17
F 7C,B5 B4,F7 F0,FE B1,FE 78,34 12
D E4,B5 10,F7 F8,FE B4,FE 8D,33 F1
C 94,B5 4C,F8 FC,FE B7,FE 86,33 E6
B 64,B5 70,F7 38,FE AD,FE 66,34 3
9 F0,B6 2C,F8 EC,FE C3,FE 7E,33 32
FC C,B6 30,F7 4,FE B1,FE 73,33 FE
FB 70,B6 B0,F8 AC,FE B4,FE 81,32 FC
FA EC,B6 8C,F8 88,FE C9,FE 83,32 C6
F8 A4,B7 2C,F8 54,FE AB,FE 6F,32 BE
F7 48,B7 38,F8 70,FE BE,FE 7F,32 9E
F5 24,B7 58,F8 64,FE A4,FE 81,32 85
F4 80,B8 B4,F8 C0,FE AE,FE 92,32 5A
F3 5C,B8 8,F8 68,FE BB,FE 8F,32 2F
F1 E4,B9 9C,F8 58,FE BE,FE 80,32 37
F0 B0,BA EC,F8 68,FE BC,FE 96,31 EC
EF BC,BA 60,F8 D4,FE BB,FE 83,31 D9
EE 58,BB 28,F8 EC,FE B7,FE 7E,31 CC
ED E8,BB A0,F8 8,FE C4,FE 73,31 95
EB E0,BC 6C,F8 8C,FE B5,FE 75,30 81
E2 B0,C2 74,F8 C8,FE B4,FE 7E,30 52
E1 80,C3 10,F8 30,FE CD,FE 85,30 11
E0 70,C3 D4,F8 48,FE B9,FE 90,30 14
DF B4,C5 FC,F9 D0,FE CB,FE A4,2F E2
DE 74,C5 BC,F9 44,FE C7,FE 7D,2F A5
DD 64,C6 8C,F8 40,FE C0,FE 8C,2F 79
DC 4C,C7 48,F8 88,FE AA,FE 7B,2F 66
DB 2C,C8 C8,F8 E0,FE C9,FE 81,2F 38
DA 44,C8 44,F8 7C,FE AD,FE 96,2F B
DA 74,C9 74,F8 A0,FE C6,FE A7,2E EC
D8 48,CB 88,F9 F4,FE B7,FE 9D,2E AE
D7 E8,CC CC,F8 CC,FE E0,FE 94,2E 9F
D7 18,CD E8,F8 AC,FE BB,FE 94,2E 51
D6 10,CE A8,F8 2C,FE C8,FE AD,2E 1D
D5 38,D0 E0,F8 60,FE D1,FE 8A,2E FD
D4 28,D0 F8,F8 10,FE BD,FE 90,2D B7
D3 4C,D1 2C,F8 80,FE B9,FE A1,2D A9
D2 A4,D2 F4,F8 18,FE B8,FE 9B,2D 69
D1 A4,D4 8,F8 B0,FE B6,FE 99,2D 44
D1 B0,D5 B4,F8 90,FE BF,FE 8D,2D 22
D0 3C,D6 68,F8 90,FE BE,FE 98,2C C6
CF E8,D7 C,F8 A4,FE C2,FE AC,2C AD
CF 90,D8 DC,F9 40,FE CD,FE 8E,2C 62
CE 10,DA 38,F9 CC,FE C5,FE B2,2C 3B
CE B0,DB 28,F9 3C,FE CC,FE B0,2C 23
CD CC,DC 78,F8 A8,FE C1,FE BC,2B E4
CD 88,DE 4,F8 0,FE BD,FE B4,2B C4
CC 8C,DE 10,F9 8,FE B7,FE B5,2B 9C
CC 60,E0 A0,F9 38,FE CC,FE 9A,2B 5F
CB B8,E1 70,F9 50,FE D0,FE A0,2B F
CB 5C,E2 C8,F9 68,FE B4,FE 99,2A DC
CB 4,E3 E4,F9 1C,FE C4,FE 96,2A BC
CA 94,E5 18,F8 E0,FE B3,FE B5,2A 86
CA 58,E6 88,F8 E0,FE C6,FE B6,2A 51
C9 D8,E7 A4,F9 44,FE BC,FE B9,2A 2D
C9 98,E8 D8,F8 F0,FE C8,FE B0,29 EC
C9 D4,E9 0,F9 44,FE C7,FE AE,29 BC
C9 18,EB 58,F9 64,FE C1,FE BD,29 93
C8 64,EC B4,F9 88,FE B3,FE AA,29 56
C8 6C,ED A4,F8 20,FE CF,FE BF,29 31
C7 18,EF E8,F9 5C,FE B1,FE A2,29 7
C7 B4,F0 24,F9 84,FE C1,FE A4,28 CA
C8 80,F0 24,F9 58,FE 99,FE CD,27 C
C7 24,FB 7C,F9 10,FE B7,FE BE,26 E5
C7 E0,FC A8,F9 A4,FE D7,FE A1,26 A5
C7 48,FD E4,F9 AC,FE B8,FE C2,26 82
C7 BC,FE 7C,F9 B0,FE D3,FE D4,26 54
C7 78,0 4C,F9 EC,FE EA,FE BA,26 29
C7 A0,1 80,F9 BC,FE B4,FE A7,25 EA
C7 A8,2 DC,F9 7C,FE C4,FE A6,25 B3
C8 4C,3 50,F9 E4,FE AB,FE BE,25 A1
C8 18,4 98,F9 7C,FE B6,FE BD,25 60
C7 B4,5 98,F9 7C,FE CA,FE B6,25 44
C8 48,6 C8,FA FC,FE B9,FE B8,25 6
C8 8C,7 C4,FA 4C,FE C6,FE A9,24 E0
C8 58,8 C8,FA 50,FE C1,FE D0,24 95
C8 CC,9 9C,F9 B8,FE BD,FE C3,24 96
CA F0,11 D4,FA 58,FE CC,FE D8,23 3
CB B8,13 D4,FA BC,FE B7,FE C6,22 E8
CC C,14 D0,FA 10,FE BA,FE CD,22 CD
CC 24,14 60,FA 2C,FE C6,FE CE,22 C3
CC CC,15 24,F9 FC,FE C8,FE C8,22 77
CC C4,16 B4,F9 90,FE D7,FE E6,22 6E
CD 50,17 40,F9 14,FE C2,FE CD,22 20
CD C,18 28,FA FC,FE CB,FE CE,22 FA
CE 8,18 4,FA 4,FE C7,FE C7,21 CA
CE E8,1A C,F9 D8,FE BB,FE DA,21 A9
CF 28,1A 14,F9 80,FE CE,FE EB,21 83
CF D0,1B E0,F9 EC,FE AC,FE E6,21 53
CF 2C,1C 90,FA 78,FE BC,FE CE,21 22
D0 D4,1D 40,FA 10,FE BC,FE FA,21 2
D1 58,1E B4,F9 C8,FE D5,FE E3,20 D6
D1 88,1F 4,FA A8,FE D0,FE F6,20 94
D2 84,20 10,FA 54,FE D2,FE DC,20 6F
D2 A8,20 C0,FA 14,FE A4,FE C6,20 57
D3 40,21 64,FA 14,FE BF,FE E2,20 44
D3 68,22 98,FA 68,FE B2,FE E5,20 1B
D4 A4,23 48,F9 58,FE C5,FE FB,1F EF
D5 88,23 CC,FA 1C,FE C0,FE E2,1F DC
D5 5C,24 A0,FA 4C,FE B3,FE EA,1F C0
D5 18,24 60,FA 60,FE D3,FE F5,1F 85
D6 74,26 4C,FA CC,FE CA,FE EB,1F 53
D7 20,26 D0,FA B0,FE D3,FE 3,1F 34
D7 8,27 BC,FA 10,FE CA,FE E7,1F 1F
D8 34,28 54,F9 A4,FE CD,FE DD,1E 8
D8 E4,28 20,F9 24,FE C3,FE F7,1E B7
D9 E4,29 C8,FA C8,FE D5,FE DA,1E AB
DA 4C,2A 40,F9 E0,FE B8,FE F3,1E 7F
DA 14,2B F4,FA 54,FE C7,FE F3,1E 77
DB B4,2B 94,FA 50,FE E1,FF FC,1E 4D
DB BC,2C 2C,FA B4,FE BC,FE D8,1E 3E
DC D0,2C DC,FA F0,FE D9,FE EE,1E 15
DD 38,2D 44,FA 38,FE CE,FE F4,1D D5
DD F4,2D D4,FA 8,FE C1,FE F4,1D D8
DE 30,2E 70,F9 A4,FE B7,FE F9,1D BD
DF 7C,2E 88,FA A0,FE BE,FE CC,1D 98
DF 28,2F AC,FA 94,FE CF,FE F9,1D 83
E0 A8,30 70,FA 14,FE BC,FF 1,1D 5E
E1 4,30 70,FA C4,FE B8,FF 2,1D 1E
E1 DC,30 10,FB 4,FE C7,FE FD,1D 29
E3 94,35 40,FA 14,FE B0,FE B6,1C 2F
D8 1C,34 8,F8 B8,FF A9,FE 7A,1D D7
EB 88,38 54,FD A4,FE E8,FE 1,1D F8
E1 0,30 D0,F8 E4,FE 5,FE A9,1E 1F
E9 B0,37 C4,FE 34,FF 5B,FE B2,1F F3
DE F8,32 AC,F6 F0,FE 49,FE 5F,21 9D
E8 64,36 20,F7 C8,FF 52,FE C8,22 A2
DD 1C,32 FC,EC CC,FD DA,FF 19,24 79
E3 64,34 F4,3 38,FF 1F,FE 7D,25 C5
DB C,31 B0,F2 C8,FE 69,FF 4A,27 B8
E8 18,33 10,0 C4,FD D4,FE 96,28 54
DD 2C,32 A0,FB 44,FF B8,FF 25,2B 6C
E6 EC,34 BC,F2 D4,FE 94,FE 69,2B 55
E8 88,31 78,FE 6C,FE E9,FF 15,2D E2
E3 D4,36 20,FD DC,FE 54,FE A8,38 47
F3 48,30 D8,0 5C,0 35,FE 6B,39 CB
F2 EC,2F 34,EE 68,FE 18,FE 4B,3B 83
